[{"x": 6, "y": 1, "z": 0, "id": "201", "connections": [6, 1, 0]}, {"x": 6, "y": 1, "z": 2, "id": "201", "connections": [6, 1, 2]}, {"x": 6, "y": 1, "z": 3, "id": "300", "connections": [6, 1, 3]}, {"x": 6, "y": 1, "z": 4, "id": "201", "connections": [6, 1, 4]}, {"x": 6, "y": 1, "z": 5, "id": "300", "connections": [6, 1, 5]}, {"x": 6, "y": 1, "z": 8, "id": "201", "connections": [6, 1, 8]}, {"x": 6, "y": 1, "z": 10, "id": "300", "connections": [6, 1, 10]}, {"x": 6, "y": 1, "z": 11, "id": "201", "connections": [6, 1, 11]}, {"x": 6, "y": 1, "z": 13, "id": "201", "connections": [6, 1, 13]}, {"x": 6, "y": 1, "z": 14, "id": "300", "connections": [6, 1, 14]}, {"x": 6, "y": 1, "z": 15, "id": "300", "connections": [6, 1, 15]}, {"x": 6, "y": 2, "z": 0, "id": "201", "connections": [6, 2, 0]}, {"x": 6, "y": 2, "z": 4, "id": "201", "connections": [6, 2, 4]}, {"x": 6, "y": 2, "z": 5, "id": "300", "connections": [6, 2, 5]}, {"x": 6, "y": 2, "z": 8, "id": "300", "connections": [6, 2, 8]}, {"x": 6, "y": 2, "z": 11, "id": "300", "connections": [6, 2, 11]}, {"x": 6, "y": 2, "z": 13, "id": "201", "connections": [6, 2, 13]}, {"x": 6, "y": 2, "z": 14, "id": "300", "connections": [6, 2, 14]}, {"x": 6, "y": 2, "z": 15, "id": "300", "connections": [6, 2, 15]}, {"x": 6, "y": 2, "z": 16, "id": "201", "connections": [6, 2, 16]}, {"x": 6, "y": 3, "z": 2, "id": "201", "connections": [6, 3, 2]}, {"x": 6, "y": 3, "z": 4, "id": "201", "connections": [6, 3, 4]}, {"x": 6, "y": 3, "z": 5, "id": "201", "connections": [6, 3, 5]}, {"x": 6, "y": 3, "z": 8, "id": "300", "connections": [6, 3, 8]}, {"x": 6, "y": 3, "z": 11, "id": "300", "connections": [6, 3, 11]}, {"x": 6, "y": 3, "z": 13, "id": "201", "connections": [6, 3, 13]}, {"x": 6, "y": 3, "z": 14, "id": "201", "connections": [6, 3, 14]}, {"x": 6, "y": 3, "z": 15, "id": "300", "connections": [6, 3, 15]}, {"x": 6, "y": 3, "z": 16, "id": "201", "connections": [6, 3, 16]}, {"x": 6, "y": 5, "z": 0, "id": "201", "connections": [6, 5, 0]}, {"x": 6, "y": 5, "z": 4, "id": "201", "connections": [6, 5, 4]}, {"x": 6, "y": 5, "z": 8, "id": "300", "connections": [6, 5, 8]}, {"x": 6, "y": 5, "z": 11, "id": "201", "connections": [6, 5, 11]}, {"x": 6, "y": 5, "z": 13, "id": "201", "connections": [6, 5, 13]}, {"x": 6, "y": 5, "z": 14, "id": "300", "connections": [6, 5, 14]}, {"x": 6, "y": 5, "z": 15, "id": "201", "connections": [6, 5, 15]}, {"x": 6, "y": 5, "z": 16, "id": "201", "connections": [6, 5, 16]}, {"x": 6, "y": 7, "z": 1, "id": "300", "connections": [6, 7, 1]}, {"x": 6, "y": 7, "z": 2, "id": "300", "connections": [6, 7, 2]}, {"x": 6, "y": 7, "z": 3, "id": "300", "connections": [6, 7, 3]}, {"x": 6, "y": 7, "z": 5, "id": "300", "connections": [6, 7, 5]}, {"x": 6, "y": 7, "z": 8, "id": "201", "connections": [6, 7, 8]}, {"x": 6, "y": 7, "z": 10, "id": "300", "connections": [6, 7, 10]}, {"x": 6, "y": 7, "z": 11, "id": "300", "connections": [6, 7, 11]}, {"x": 6, "y": 7, "z": 12, "id": "300", "connections": [6, 7, 12]}, {"x": 6, "y": 7, "z": 13, "id": "201", "connections": [6, 7, 13]}, {"x": 6, "y": 7, "z": 14, "id": "300", "connections": [6, 7, 14]}, {"x": 6, "y": 7, "z": 15, "id": "201", "connections": [6, 7, 15]}, {"x": 6, "y": 7, "z": 16, "id": "201", "connections": [6, 7, 16]}, {"x": 6, "y": 8, "z": 0, "id": "201", "connections": [6, 8, 0]}, {"x": 6, "y": 8, "z": 11, "id": "300", "connections": [6, 8, 11]}, {"x": 6, "y": 8, "z": 13, "id": "201", "connections": [6, 8, 13]}, {"x": 6, "y": 8, "z": 14, "id": "201", "connections": [6, 8, 14]}, {"x": 6, "y": 8, "z": 15, "id": "300", "connections": [6, 8, 15]}, {"x": 6, "y": 8, "z": 16, "id": "201", "connections": [6, 8, 16]}, {"x": 6, "y": 9, "z": 0, "id": "201", "connections": [6, 9, 0]}, {"x": 6, "y": 9, "z": 1, "id": "300", "connections": [6, 9, 1]}, {"x": 6, "y": 9, "z": 2, "id": "201", "connections": [6, 9, 2]}, {"x": 6, "y": 9, "z": 3, "id": "300", "connections": [6, 9, 3]}, {"x": 6, "y": 9, "z": 4, "id": "201", "connections": [6, 9, 4]}, {"x": 6, "y": 9, "z": 5, "id": "300", "connections": [6, 9, 5]}, {"x": 6, "y": 9, "z": 7, "id": "300", "connections": [6, 9, 7]}, {"x": 6, "y": 9, "z": 8, "id": "300", "connections": [6, 9, 8]}, {"x": 6, "y": 9, "z": 10, "id": "300", "connections": [6, 9, 10]}, {"x": 6, "y": 9, "z": 11, "id": "201", "connections": [6, 9, 11]}, {"x": 6, "y": 9, "z": 12, "id": "300", "connections": [6, 9, 12]}, {"x": 6, "y": 9, "z": 14, "id": "300", "connections": [6, 9, 14]}, {"x": 6, "y": 9, "z": 15, "id": "201", "connections": [6, 9, 15]}, {"x": 6, "y": 9, "z": 16, "id": "201", "connections": [6, 9, 16]}, {"x": 6, "y": 10, "z": 0, "id": "201", "connections": [6, 10, 0]}, {"x": 6, "y": 10, "z": 2, "id": "300", "connections": [6, 10, 2]}, {"x": 6, "y": 10, "z": 3, "id": "300", "connections": [6, 10, 3]}, {"x": 6, "y": 10, "z": 5, "id": "201", "connections": [6, 10, 5]}, {"x": 6, "y": 10, "z": 8, "id": "300", "connections": [6, 10, 8]}, {"x": 6, "y": 10, "z": 11, "id": "300", "connections": [6, 10, 11]}, {"x": 6, "y": 10, "z": 14, "id": "201", "connections": [6, 10, 14]}, {"x": 6, "y": 10, "z": 15, "id": "300", "connections": [6, 10, 15]}, {"x": 6, "y": 10, "z": 16, "id": "201", "connections": [6, 10, 16]}, {"x": 6, "y": 11, "z": 0, "id": "201", "connections": [6, 11, 0]}, {"x": 6, "y": 11, "z": 4, "id": "201", "connections": [6, 11, 4]}, {"x": 6, "y": 11, "z": 13, "id": "201", "connections": [6, 11, 13]}, {"x": 6, "y": 11, "z": 16, "id": "201", "connections": [6, 11, 16]}, {"x": 6, "y": 12, "z": 0, "id": "201", "connections": [6, 12, 0]}, {"x": 6, "y": 12, "z": 1, "id": "300", "connections": [6, 12, 1]}, {"x": 6, "y": 12, "z": 2, "id": "201", "connections": [6, 12, 2]}, {"x": 6, "y": 12, "z": 3, "id": "300", "connections": [6, 12, 3]}, {"x": 6, "y": 12, "z": 4, "id": "201", "connections": [6, 12, 4]}, {"x": 6, "y": 12, "z": 5, "id": "300", "connections": [6, 12, 5]}, {"x": 6, "y": 12, "z": 8, "id": "300", "connections": [6, 12, 8]}, {"x": 6, "y": 12, "z": 10, "id": "300", "connections": [6, 12, 10]}, {"x": 6, "y": 12, "z": 11, "id": "201", "connections": [6, 12, 11]}, {"x": 6, "y": 12, "z": 14, "id": "300", "connections": [6, 12, 14]}, {"x": 6, "y": 12, "z": 15, "id": "300", "connections": [6, 12, 15]}, {"x": 6, "y": 14, "z": 4, "id": "201", "connections": [6, 14, 4]}, {"x": 6, "y": 14, "z": 11, "id": "300", "connections": [6, 14, 11]}, {"x": 6, "y": 14, "z": 13, "id": "201", "connections": [6, 14, 13]}, {"x": 6, "y": 14, "z": 16, "id": "201", "connections": [6, 14, 16]}, {"x": 6, "y": 15, "z": 0, "id": "201", "connections": [6, 15, 0]}, {"x": 6, "y": 15, "z": 4, "id": "201", "connections": [6, 15, 4]}, {"x": 6, "y": 15, "z": 11, "id": "300", "connections": [6, 15, 11]}, {"x": 6, "y": 15, "z": 13, "id": "201", "connections": [6, 15, 13]}, {"x": 6, "y": 15, "z": 14, "id": "300", "connections": [6, 15, 14]}, {"x": 9, "y": 0, "z": 2, "id": "201", "connections": [9, 0, 2]}, {"x": 9, "y": 0, "z": 3, "id": "201", "connections": [9, 0, 3]}, {"x": 9, "y": 0, "z": 4, "id": "300", "connections": [9, 0, 4]}, {"x": 9, "y": 0, "z": 5, "id": "300", "connections": [9, 0, 5]}, {"x": 9, "y": 0, "z": 8, "id": "300", "connections": [9, 0, 8]}, {"x": 9, "y": 0, "z": 10, "id": "300", "connections": [9, 0, 10]}, {"x": 9, "y": 0, "z": 11, "id": "201", "connections": [9, 0, 11]}, {"x": 9, "y": 0, "z": 13, "id": "201", "connections": [9, 0, 13]}, {"x": 9, "y": 0, "z": 14, "id": "201", "connections": [9, 0, 14]}, {"x": 9, "y": 0, "z": 15, "id": "201", "connections": [9, 0, 15]}, {"x": 9, "y": 0, "z": 16, "id": "300", "connections": [9, 0, 16]}, {"x": 9, "y": 1, "z": 0, "id": "300", "connections": [9, 1, 0]}, {"x": 9, "y": 1, "z": 3, "id": "300", "connections": [9, 1, 3]}, {"x": 9, "y": 1, "z": 4, "id": "300", "connections": [9, 1, 4]}, {"x": 9, "y": 1, "z": 5, "id": "300", "connections": [9, 1, 5]}, {"x": 9, "y": 1, "z": 8, "id": "201", "connections": [9, 1, 8]}, {"x": 9, "y": 1, "z": 10, "id": "300", "connections": [9, 1, 10]}, {"x": 9, "y": 1, "z": 13, "id": "201", "connections": [9, 1, 13]}, {"x": 9, "y": 1, "z": 14, "id": "300", "connections": [9, 1, 14]}, {"x": 9, "y": 1, "z": 15, "id": "201", "connections": [9, 1, 15]}, {"x": 9, "y": 1, "z": 16, "id": "201", "connections": [9, 1, 16]}, {"x": 9, "y": 3, "z": 4, "id": "300", "connections": [9, 3, 4]}, {"x": 9, "y": 3, "z": 5, "id": "201", "connections": [9, 3, 5]}, {"x": 9, "y": 3, "z": 8, "id": "300", "connections": [9, 3, 8]}, {"x": 9, "y": 3, "z": 11, "id": "201", "connections": [9, 3, 11]}, {"x": 9, "y": 3, "z": 13, "id": "201", "connections": [9, 3, 13]}, {"x": 9, "y": 3, "z": 14, "id": "201", "connections": [9, 3, 14]}, {"x": 9, "y": 3, "z": 15, "id": "201", "connections": [9, 3, 15]}, {"x": 9, "y": 3, "z": 16, "id": "300", "connections": [9, 3, 16]}, {"x": 9, "y": 4, "z": 2, "id": "201", "connections": [9, 4, 2]}, {"x": 9, "y": 4, "z": 11, "id": "201", "connections": [9, 4, 11]}, {"x": 9, "y": 4, "z": 13, "id": "201", "connections": [9, 4, 13]}, {"x": 9, "y": 4, "z": 14, "id": "300", "connections": [9, 4, 14]}, {"x": 9, "y": 4, "z": 15, "id": "201", "connections": [9, 4, 15]}, {"x": 9, "y": 4, "z": 16, "id": "300", "connections": [9, 4, 16]}, {"x": 9, "y": 5, "z": 2, "id": "201", "connections": [9, 5, 2]}, {"x": 9, "y": 5, "z": 4, "id": "300", "connections": [9, 5, 4]}, {"x": 9, "y": 5, "z": 8, "id": "300", "connections": [9, 5, 8]}, {"x": 9, "y": 5, "z": 13, "id": "201", "connections": [9, 5, 13]}, {"x": 9, "y": 5, "z": 14, "id": "300", "connections": [9, 5, 14]}, {"x": 9, "y": 5, "z": 16, "id": "300", "connections": [9, 5, 16]}, {"x": 9, "y": 7, "z": 0, "id": "201", "connections": [9, 7, 0]}, {"x": 9, "y": 7, "z": 1, "id": "300", "connections": [9, 7, 1]}, {"x": 9, "y": 7, "z": 2, "id": "201", "connections": [9, 7, 2]}, {"x": 9, "y": 7, "z": 3, "id": "300", "connections": [9, 7, 3]}, {"x": 9, "y": 7, "z": 4, "id": "201", "connections": [9, 7, 4]}, {"x": 9, "y": 7, "z": 5, "id": "300", "connections": [9, 7, 5]}, {"x": 9, "y": 7, "z": 8, "id": "201", "connections": [9, 7, 8]}, {"x": 9, "y": 7, "z": 10, "id": "300", "connections": [9, 7, 10]}, {"x": 9, "y": 7, "z": 11, "id": "201", "connections": [9, 7, 11]}, {"x": 9, "y": 7, "z": 12, "id": "300", "connections": [9, 7, 12]}, {"x": 9, "y": 7, "z": 13, "id": "201", "connections": [9, 7, 13]}, {"x": 9, "y": 7, "z": 14, "id": "300", "connections": [9, 7, 14]}, {"x": 9, "y": 7, "z": 16, "id": "300", "connections": [9, 7, 16]}, {"x": 9, "y": 8, "z": 2, "id": "201", "connections": [9, 8, 2]}, {"x": 9, "y": 8, "z": 4, "id": "201", "connections": [9, 8, 4]}, {"x": 9, "y": 8, "z": 11, "id": "201", "connections": [9, 8, 11]}, {"x": 9, "y": 8, "z": 13, "id": "201", "connections": [9, 8, 13]}, {"x": 9, "y": 8, "z": 14, "id": "201", "connections": [9, 8, 14]}, {"x": 9, "y": 8, "z": 15, "id": "201", "connections": [9, 8, 15]}, {"x": 9, "y": 8, "z": 16, "id": "300", "connections": [9, 8, 16]}, {"x": 9, "y": 10, "z": 2, "id": "201", "connections": [9, 10, 2]}, {"x": 9, "y": 10, "z": 3, "id": "300", "connections": [9, 10, 3]}, {"x": 9, "y": 10, "z": 4, "id": "201", "connections": [9, 10, 4]}, {"x": 9, "y": 10, "z": 5, "id": "201", "connections": [9, 10, 5]}, {"x": 9, "y": 10, "z": 8, "id": "300", "connections": [9, 10, 8]}, {"x": 9, "y": 10, "z": 11, "id": "201", "connections": [9, 10, 11]}, {"x": 9, "y": 10, "z": 14, "id": "201", "connections": [9, 10, 14]}, {"x": 9, "y": 10, "z": 15, "id": "201", "connections": [9, 10, 15]}, {"x": 9, "y": 10, "z": 16, "id": "300", "connections": [9, 10, 16]}, {"x": 9, "y": 12, "z": 0, "id": "300", "connections": [9, 12, 0]}, {"x": 9, "y": 12, "z": 1, "id": "300", "connections": [9, 12, 1]}, {"x": 9, "y": 12, "z": 3, "id": "300", "connections": [9, 12, 3]}, {"x": 9, "y": 12, "z": 4, "id": "300", "connections": [9, 12, 4]}, {"x": 9, "y": 12, "z": 5, "id": "300", "connections": [9, 12, 5]}, {"x": 9, "y": 12, "z": 8, "id": "300", "connections": [9, 12, 8]}, {"x": 9, "y": 12, "z": 10, "id": "300", "connections": [9, 12, 10]}, {"x": 9, "y": 12, "z": 14, "id": "300", "connections": [9, 12, 14]}, {"x": 9, "y": 12, "z": 15, "id": "201", "connections": [9, 12, 15]}, {"x": 9, "y": 12, "z": 16, "id": "201", "connections": [9, 12, 16]}, {"x": 9, "y": 14, "z": 2, "id": "201", "connections": [9, 14, 2]}, {"x": 9, "y": 14, "z": 11, "id": "201", "connections": [9, 14, 11]}, {"x": 9, "y": 14, "z": 13, "id": "201", "connections": [9, 14, 13]}, {"x": 9, "y": 14, "z": 15, "id": "201", "connections": [9, 14, 15]}, {"x": 9, "y": 14, "z": 16, "id": "300", "connections": [9, 14, 16]}, {"x": 9, "y": 16, "z": 2, "id": "201", "connections": [9, 16, 2]}, {"x": 9, "y": 16, "z": 11, "id": "201", "connections": [9, 16, 11]}, {"x": 9, "y": 16, "z": 13, "id": "201", "connections": [9, 16, 13]}, {"x": 7, "y": 1, "z": 0, "id": "201", "connections": [7, 1, 0]}, {"x": 7, "y": 1, "z": 2, "id": "201", "connections": [7, 1, 2]}, {"x": 7, "y": 1, "z": 3, "id": "300", "connections": [7, 1, 3]}, {"x": 7, "y": 1, "z": 4, "id": "201", "connections": [7, 1, 4]}, {"x": 7, "y": 1, "z": 5, "id": "300", "connections": [7, 1, 5]}, {"x": 7, "y": 1, "z": 10, "id": "300", "connections": [7, 1, 10]}, {"x": 7, "y": 1, "z": 11, "id": "201", "connections": [7, 1, 11]}, {"x": 7, "y": 1, "z": 13, "id": "300", "connections": [7, 1, 13]}, {"x": 7, "y": 1, "z": 14, "id": "300", "connections": [7, 1, 14]}, {"x": 7, "y": 1, "z": 15, "id": "201", "connections": [7, 1, 15]}, {"x": 7, "y": 1, "z": 16, "id": "201", "connections": [7, 1, 16]}, {"x": 7, "y": 2, "z": 0, "id": "201", "connections": [7, 2, 0]}, {"x": 7, "y": 2, "z": 4, "id": "201", "connections": [7, 2, 4]}, {"x": 7, "y": 2, "z": 5, "id": "300", "connections": [7, 2, 5]}, {"x": 7, "y": 2, "z": 8, "id": "201", "connections": [7, 2, 8]}, {"x": 7, "y": 2, "z": 11, "id": "300", "connections": [7, 2, 11]}, {"x": 7, "y": 2, "z": 13, "id": "300", "connections": [7, 2, 13]}, {"x": 7, "y": 2, "z": 14, "id": "300", "connections": [7, 2, 14]}, {"x": 7, "y": 2, "z": 15, "id": "201", "connections": [7, 2, 15]}, {"x": 7, "y": 2, "z": 16, "id": "300", "connections": [7, 2, 16]}, {"x": 7, "y": 3, "z": 2, "id": "201", "connections": [7, 3, 2]}, {"x": 7, "y": 3, "z": 4, "id": "201", "connections": [7, 3, 4]}, {"x": 7, "y": 3, "z": 5, "id": "201", "connections": [7, 3, 5]}, {"x": 7, "y": 3, "z": 8, "id": "201", "connections": [7, 3, 8]}, {"x": 7, "y": 3, "z": 11, "id": "300", "connections": [7, 3, 11]}, {"x": 7, "y": 3, "z": 13, "id": "300", "connections": [7, 3, 13]}, {"x": 7, "y": 3, "z": 14, "id": "201", "connections": [7, 3, 14]}, {"x": 7, "y": 3, "z": 15, "id": "201", "connections": [7, 3, 15]}, {"x": 7, "y": 3, "z": 16, "id": "300", "connections": [7, 3, 16]}, {"x": 7, "y": 5, "z": 0, "id": "201", "connections": [7, 5, 0]}, {"x": 7, "y": 5, "z": 4, "id": "201", "connections": [7, 5, 4]}, {"x": 7, "y": 5, "z": 8, "id": "201", "connections": [7, 5, 8]}, {"x": 7, "y": 5, "z": 11, "id": "201", "connections": [7, 5, 11]}, {"x": 7, "y": 5, "z": 13, "id": "300", "connections": [7, 5, 13]}, {"x": 7, "y": 5, "z": 14, "id": "300", "connections": [7, 5, 14]}, {"x": 7, "y": 5, "z": 16, "id": "300", "connections": [7, 5, 16]}, {"x": 7, "y": 10, "z": 0, "id": "201", "connections": [7, 10, 0]}, {"x": 7, "y": 10, "z": 2, "id": "300", "connections": [7, 10, 2]}, {"x": 7, "y": 10, "z": 3, "id": "300", "connections": [7, 10, 3]}, {"x": 7, "y": 10, "z": 5, "id": "201", "connections": [7, 10, 5]}, {"x": 7, "y": 10, "z": 8, "id": "201", "connections": [7, 10, 8]}, {"x": 7, "y": 10, "z": 11, "id": "300", "connections": [7, 10, 11]}, {"x": 7, "y": 10, "z": 13, "id": "201", "connections": [7, 10, 13]}, {"x": 7, "y": 10, "z": 14, "id": "201", "connections": [7, 10, 14]}, {"x": 7, "y": 10, "z": 15, "id": "201", "connections": [7, 10, 15]}, {"x": 7, "y": 10, "z": 16, "id": "300", "connections": [7, 10, 16]}, {"x": 7, "y": 11, "z": 0, "id": "201", "connections": [7, 11, 0]}, {"x": 7, "y": 11, "z": 4, "id": "201", "connections": [7, 11, 4]}, {"x": 7, "y": 11, "z": 8, "id": "201", "connections": [7, 11, 8]}, {"x": 7, "y": 11, "z": 13, "id": "300", "connections": [7, 11, 13]}, {"x": 7, "y": 11, "z": 15, "id": "201", "connections": [7, 11, 15]}, {"x": 7, "y": 12, "z": 0, "id": "201", "connections": [7, 12, 0]}, {"x": 7, "y": 12, "z": 1, "id": "300", "connections": [7, 12, 1]}, {"x": 7, "y": 12, "z": 2, "id": "201", "connections": [7, 12, 2]}, {"x": 7, "y": 12, "z": 3, "id": "300", "connections": [7, 12, 3]}, {"x": 7, "y": 12, "z": 4, "id": "201", "connections": [7, 12, 4]}, {"x": 7, "y": 12, "z": 5, "id": "300", "connections": [7, 12, 5]}, {"x": 7, "y": 12, "z": 8, "id": "201", "connections": [7, 12, 8]}, {"x": 7, "y": 12, "z": 10, "id": "300", "connections": [7, 12, 10]}, {"x": 7, "y": 12, "z": 11, "id": "201", "connections": [7, 12, 11]}, {"x": 7, "y": 12, "z": 13, "id": "201", "connections": [7, 12, 13]}, {"x": 7, "y": 12, "z": 14, "id": "300", "connections": [7, 12, 14]}, {"x": 7, "y": 12, "z": 15, "id": "201", "connections": [7, 12, 15]}, {"x": 7, "y": 12, "z": 16, "id": "201", "connections": [7, 12, 16]}, {"x": 7, "y": 13, "z": 0, "id": "201", "connections": [7, 13, 0]}, {"x": 7, "y": 13, "z": 4, "id": "201", "connections": [7, 13, 4]}, {"x": 7, "y": 13, "z": 8, "id": "201", "connections": [7, 13, 8]}, {"x": 7, "y": 13, "z": 15, "id": "201", "connections": [7, 13, 15]}, {"x": 7, "y": 14, "z": 4, "id": "201", "connections": [7, 14, 4]}, {"x": 7, "y": 14, "z": 11, "id": "300", "connections": [7, 14, 11]}, {"x": 7, "y": 14, "z": 13, "id": "300", "connections": [7, 14, 13]}, {"x": 7, "y": 14, "z": 15, "id": "201", "connections": [7, 14, 15]}, {"x": 7, "y": 14, "z": 16, "id": "300", "connections": [7, 14, 16]}, {"x": 7, "y": 16, "z": 0, "id": "201", "connections": [7, 16, 0]}, {"x": 7, "y": 16, "z": 4, "id": "201", "connections": [7, 16, 4]}, {"x": 7, "y": 16, "z": 8, "id": "201", "connections": [7, 16, 8]}, {"x": 7, "y": 16, "z": 11, "id": "300", "connections": [7, 16, 11]}, {"x": 7, "y": 16, "z": 13, "id": "300", "connections": [7, 16, 13]}, {"x": 12, "y": 0, "z": 2, "id": "201", "connections": [12, 0, 2]}, {"x": 12, "y": 0, "z": 3, "id": "201", "connections": [12, 0, 3]}, {"x": 12, "y": 0, "z": 4, "id": "300", "connections": [12, 0, 4]}, {"x": 12, "y": 0, "z": 5, "id": "300", "connections": [12, 0, 5]}, {"x": 12, "y": 0, "z": 8, "id": "300", "connections": [12, 0, 8]}, {"x": 12, "y": 0, "z": 10, "id": "300", "connections": [12, 0, 10]}, {"x": 12, "y": 0, "z": 11, "id": "201", "connections": [12, 0, 11]}, {"x": 12, "y": 0, "z": 13, "id": "201", "connections": [12, 0, 13]}, {"x": 12, "y": 0, "z": 14, "id": "201", "connections": [12, 0, 14]}, {"x": 12, "y": 0, "z": 15, "id": "300", "connections": [12, 0, 15]}, {"x": 12, "y": 0, "z": 16, "id": "201", "connections": [12, 0, 16]}, {"x": 12, "y": 1, "z": 0, "id": "300", "connections": [12, 1, 0]}, {"x": 12, "y": 1, "z": 3, "id": "300", "connections": [12, 1, 3]}, {"x": 12, "y": 1, "z": 4, "id": "300", "connections": [12, 1, 4]}, {"x": 12, "y": 1, "z": 5, "id": "300", "connections": [12, 1, 5]}, {"x": 12, "y": 1, "z": 8, "id": "201", "connections": [12, 1, 8]}, {"x": 12, "y": 1, "z": 10, "id": "300", "connections": [12, 1, 10]}, {"x": 12, "y": 1, "z": 13, "id": "201", "connections": [12, 1, 13]}, {"x": 12, "y": 1, "z": 14, "id": "300", "connections": [12, 1, 14]}, {"x": 12, "y": 1, "z": 15, "id": "300", "connections": [12, 1, 15]}, {"x": 12, "y": 3, "z": 4, "id": "300", "connections": [12, 3, 4]}, {"x": 12, "y": 3, "z": 5, "id": "201", "connections": [12, 3, 5]}, {"x": 12, "y": 3, "z": 8, "id": "300", "connections": [12, 3, 8]}, {"x": 12, "y": 3, "z": 11, "id": "201", "connections": [12, 3, 11]}, {"x": 12, "y": 3, "z": 13, "id": "201", "connections": [12, 3, 13]}, {"x": 12, "y": 3, "z": 14, "id": "201", "connections": [12, 3, 14]}, {"x": 12, "y": 3, "z": 15, "id": "300", "connections": [12, 3, 15]}, {"x": 12, "y": 3, "z": 16, "id": "201", "connections": [12, 3, 16]}, {"x": 12, "y": 4, "z": 2, "id": "201", "connections": [12, 4, 2]}, {"x": 12, "y": 4, "z": 11, "id": "201", "connections": [12, 4, 11]}, {"x": 12, "y": 4, "z": 13, "id": "201", "connections": [12, 4, 13]}, {"x": 12, "y": 4, "z": 14, "id": "300", "connections": [12, 4, 14]}, {"x": 12, "y": 4, "z": 15, "id": "300", "connections": [12, 4, 15]}, {"x": 12, "y": 4, "z": 16, "id": "201", "connections": [12, 4, 16]}, {"x": 12, "y": 5, "z": 2, "id": "201", "connections": [12, 5, 2]}, {"x": 12, "y": 5, "z": 4, "id": "300", "connections": [12, 5, 4]}, {"x": 12, "y": 5, "z": 8, "id": "300", "connections": [12, 5, 8]}, {"x": 12, "y": 5, "z": 13, "id": "201", "connections": [12, 5, 13]}, {"x": 12, "y": 5, "z": 14, "id": "300", "connections": [12, 5, 14]}, {"x": 12, "y": 5, "z": 15, "id": "201", "connections": [12, 5, 15]}, {"x": 12, "y": 5, "z": 16, "id": "201", "connections": [12, 5, 16]}, {"x": 12, "y": 8, "z": 2, "id": "201", "connections": [12, 8, 2]}, {"x": 12, "y": 8, "z": 4, "id": "201", "connections": [12, 8, 4]}, {"x": 12, "y": 8, "z": 11, "id": "201", "connections": [12, 8, 11]}, {"x": 12, "y": 8, "z": 13, "id": "201", "connections": [12, 8, 13]}, {"x": 12, "y": 8, "z": 14, "id": "201", "connections": [12, 8, 14]}, {"x": 12, "y": 8, "z": 15, "id": "300", "connections": [12, 8, 15]}, {"x": 12, "y": 8, "z": 16, "id": "201", "connections": [12, 8, 16]}, {"x": 12, "y": 10, "z": 2, "id": "201", "connections": [12, 10, 2]}, {"x": 12, "y": 10, "z": 3, "id": "300", "connections": [12, 10, 3]}, {"x": 12, "y": 10, "z": 4, "id": "201", "connections": [12, 10, 4]}, {"x": 12, "y": 10, "z": 5, "id": "201", "connections": [12, 10, 5]}, {"x": 12, "y": 10, "z": 8, "id": "300", "connections": [12, 10, 8]}, {"x": 12, "y": 10, "z": 11, "id": "201", "connections": [12, 10, 11]}, {"x": 12, "y": 10, "z": 14, "id": "201", "connections": [12, 10, 14]}, {"x": 12, "y": 10, "z": 15, "id": "300", "connections": [12, 10, 15]}, {"x": 12, "y": 10, "z": 16, "id": "201", "connections": [12, 10, 16]}, {"x": 12, "y": 14, "z": 2, "id": "201", "connections": [12, 14, 2]}, {"x": 12, "y": 14, "z": 11, "id": "201", "connections": [12, 14, 11]}, {"x": 12, "y": 14, "z": 13, "id": "201", "connections": [12, 14, 13]}, {"x": 12, "y": 14, "z": 16, "id": "201", "connections": [12, 14, 16]}, {"x": 12, "y": 15, "z": 2, "id": "201", "connections": [12, 15, 2]}, {"x": 12, "y": 15, "z": 11, "id": "201", "connections": [12, 15, 11]}, {"x": 12, "y": 15, "z": 13, "id": "201", "connections": [12, 15, 13]}, {"x": 12, "y": 15, "z": 14, "id": "300", "connections": [12, 15, 14]}, {"x": 1, "y": 0, "z": 2, "id": "201", "connections": [1, 0, 2]}, {"x": 1, "y": 0, "z": 3, "id": "201", "connections": [1, 0, 3]}, {"x": 1, "y": 0, "z": 4, "id": "300", "connections": [1, 0, 4]}, {"x": 1, "y": 0, "z": 5, "id": "300", "connections": [1, 0, 5]}, {"x": 1, "y": 0, "z": 8, "id": "201", "connections": [1, 0, 8]}, {"x": 1, "y": 0, "z": 10, "id": "300", "connections": [1, 0, 10]}, {"x": 1, "y": 0, "z": 11, "id": "201", "connections": [1, 0, 11]}, {"x": 1, "y": 0, "z": 13, "id": "300", "connections": [1, 0, 13]}, {"x": 1, "y": 0, "z": 14, "id": "201", "connections": [1, 0, 14]}, {"x": 1, "y": 0, "z": 15, "id": "300", "connections": [1, 0, 15]}, {"x": 1, "y": 0, "z": 16, "id": "201", "connections": [1, 0, 16]}, {"x": 1, "y": 3, "z": 4, "id": "300", "connections": [1, 3, 4]}, {"x": 1, "y": 3, "z": 5, "id": "201", "connections": [1, 3, 5]}, {"x": 1, "y": 3, "z": 8, "id": "201", "connections": [1, 3, 8]}, {"x": 1, "y": 3, "z": 11, "id": "201", "connections": [1, 3, 11]}, {"x": 1, "y": 3, "z": 13, "id": "300", "connections": [1, 3, 13]}, {"x": 1, "y": 3, "z": 14, "id": "201", "connections": [1, 3, 14]}, {"x": 1, "y": 3, "z": 15, "id": "300", "connections": [1, 3, 15]}, {"x": 1, "y": 3, "z": 16, "id": "201", "connections": [1, 3, 16]}, {"x": 1, "y": 4, "z": 2, "id": "201", "connections": [1, 4, 2]}, {"x": 1, "y": 4, "z": 11, "id": "201", "connections": [1, 4, 11]}, {"x": 1, "y": 4, "z": 13, "id": "300", "connections": [1, 4, 13]}, {"x": 1, "y": 4, "z": 14, "id": "300", "connections": [1, 4, 14]}, {"x": 1, "y": 4, "z": 15, "id": "300", "connections": [1, 4, 15]}, {"x": 1, "y": 4, "z": 16, "id": "201", "connections": [1, 4, 16]}, {"x": 1, "y": 5, "z": 2, "id": "201", "connections": [1, 5, 2]}, {"x": 1, "y": 5, "z": 4, "id": "300", "connections": [1, 5, 4]}, {"x": 1, "y": 5, "z": 8, "id": "201", "connections": [1, 5, 8]}, {"x": 1, "y": 5, "z": 13, "id": "300", "connections": [1, 5, 13]}, {"x": 1, "y": 5, "z": 14, "id": "300", "connections": [1, 5, 14]}, {"x": 1, "y": 5, "z": 15, "id": "201", "connections": [1, 5, 15]}, {"x": 1, "y": 5, "z": 16, "id": "201", "connections": [1, 5, 16]}, {"x": 1, "y": 10, "z": 2, "id": "201", "connections": [1, 10, 2]}, {"x": 1, "y": 10, "z": 3, "id": "300", "connections": [1, 10, 3]}, {"x": 1, "y": 10, "z": 4, "id": "201", "connections": [1, 10, 4]}, {"x": 1, "y": 10, "z": 5, "id": "201", "connections": [1, 10, 5]}, {"x": 1, "y": 10, "z": 8, "id": "201", "connections": [1, 10, 8]}, {"x": 1, "y": 10, "z": 11, "id": "201", "connections": [1, 10, 11]}, {"x": 1, "y": 10, "z": 13, "id": "201", "connections": [1, 10, 13]}, {"x": 1, "y": 10, "z": 14, "id": "201", "connections": [1, 10, 14]}, {"x": 1, "y": 10, "z": 15, "id": "300", "connections": [1, 10, 15]}, {"x": 1, "y": 10, "z": 16, "id": "201", "connections": [1, 10, 16]}, {"x": 1, "y": 13, "z": 2, "id": "201", "connections": [1, 13, 2]}, {"x": 1, "y": 13, "z": 8, "id": "201", "connections": [1, 13, 8]}, {"x": 1, "y": 13, "z": 11, "id": "201", "connections": [1, 13, 11]}, {"x": 1, "y": 13, "z": 16, "id": "201", "connections": [1, 13, 16]}, {"x": 1, "y": 14, "z": 2, "id": "201", "connections": [1, 14, 2]}, {"x": 1, "y": 14, "z": 11, "id": "201", "connections": [1, 14, 11]}, {"x": 1, "y": 14, "z": 13, "id": "300", "connections": [1, 14, 13]}, {"x": 1, "y": 14, "z": 16, "id": "201", "connections": [1, 14, 16]}, {"x": 1, "y": 15, "z": 2, "id": "201", "connections": [1, 15, 2]}, {"x": 1, "y": 15, "z": 8, "id": "201", "connections": [1, 15, 8]}, {"x": 1, "y": 15, "z": 11, "id": "201", "connections": [1, 15, 11]}, {"x": 1, "y": 15, "z": 13, "id": "300", "connections": [1, 15, 13]}, {"x": 1, "y": 15, "z": 14, "id": "300", "connections": [1, 15, 14]}, {"x": 0, "y": 2, "z": 4, "id": "300", "connections": [0, 2, 4]}, {"x": 0, "y": 2, "z": 5, "id": "300", "connections": [0, 2, 5]}, {"x": 0, "y": 2, "z": 8, "id": "300", "connections": [0, 2, 8]}, {"x": 0, "y": 2, "z": 11, "id": "300", "connections": [0, 2, 11]}, {"x": 0, "y": 2, "z": 13, "id": "300", "connections": [0, 2, 13]}, {"x": 0, "y": 2, "z": 14, "id": "201", "connections": [0, 2, 14]}, {"x": 0, "y": 2, "z": 15, "id": "300", "connections": [0, 2, 15]}, {"x": 0, "y": 2, "z": 16, "id": "300", "connections": [0, 2, 16]}, {"x": 0, "y": 4, "z": 3, "id": "201", "connections": [0, 4, 3]}, {"x": 0, "y": 4, "z": 11, "id": "300", "connections": [0, 4, 11]}, {"x": 0, "y": 4, "z": 13, "id": "300", "connections": [0, 4, 13]}, {"x": 0, "y": 4, "z": 14, "id": "201", "connections": [0, 4, 14]}, {"x": 0, "y": 4, "z": 15, "id": "300", "connections": [0, 4, 15]}, {"x": 0, "y": 4, "z": 16, "id": "300", "connections": [0, 4, 16]}, {"x": 0, "y": 5, "z": 4, "id": "300", "connections": [0, 5, 4]}, {"x": 0, "y": 5, "z": 8, "id": "300", "connections": [0, 5, 8]}, {"x": 0, "y": 5, "z": 11, "id": "201", "connections": [0, 5, 11]}, {"x": 0, "y": 5, "z": 13, "id": "300", "connections": [0, 5, 13]}, {"x": 0, "y": 5, "z": 14, "id": "201", "connections": [0, 5, 14]}, {"x": 0, "y": 5, "z": 15, "id": "201", "connections": [0, 5, 15]}, {"x": 0, "y": 5, "z": 16, "id": "300", "connections": [0, 5, 16]}, {"x": 0, "y": 8, "z": 3, "id": "201", "connections": [0, 8, 3]}, {"x": 0, "y": 8, "z": 4, "id": "201", "connections": [0, 8, 4]}, {"x": 0, "y": 8, "z": 11, "id": "300", "connections": [0, 8, 11]}, {"x": 0, "y": 8, "z": 13, "id": "300", "connections": [0, 8, 13]}, {"x": 0, "y": 8, "z": 15, "id": "300", "connections": [0, 8, 15]}, {"x": 0, "y": 8, "z": 16, "id": "300", "connections": [0, 8, 16]}, {"x": 0, "y": 10, "z": 2, "id": "300", "connections": [0, 10, 2]}, {"x": 0, "y": 10, "z": 3, "id": "201", "connections": [0, 10, 3]}, {"x": 0, "y": 10, "z": 4, "id": "201", "connections": [0, 10, 4]}, {"x": 0, "y": 10, "z": 5, "id": "201", "connections": [0, 10, 5]}, {"x": 0, "y": 10, "z": 8, "id": "300", "connections": [0, 10, 8]}, {"x": 0, "y": 10, "z": 11, "id": "300", "connections": [0, 10, 11]}, {"x": 0, "y": 10, "z": 13, "id": "201", "connections": [0, 10, 13]}, {"x": 0, "y": 10, "z": 15, "id": "300", "connections": [0, 10, 15]}, {"x": 0, "y": 10, "z": 16, "id": "300", "connections": [0, 10, 16]}, {"x": 0, "y": 11, "z": 3, "id": "201", "connections": [0, 11, 3]}, {"x": 0, "y": 11, "z": 13, "id": "300", "connections": [0, 11, 13]}, {"x": 0, "y": 11, "z": 14, "id": "201", "connections": [0, 11, 14]}, {"x": 0, "y": 13, "z": 3, "id": "201", "connections": [0, 13, 3]}, {"x": 0, "y": 13, "z": 14, "id": "201", "connections": [0, 13, 14]}, {"x": 0, "y": 15, "z": 3, "id": "201", "connections": [0, 15, 3]}, {"x": 0, "y": 15, "z": 11, "id": "300", "connections": [0, 15, 11]}, {"x": 0, "y": 15, "z": 13, "id": "300", "connections": [0, 15, 13]}, {"x": 0, "y": 15, "z": 14, "id": "201", "connections": [0, 15, 14]}, {"x": 0, "y": 15, "z": 16, "id": "201", "connections": [0, 15, 16]}, {"x": 0, "y": 16, "z": 3, "id": "201", "connections": [0, 16, 3]}, {"x": 0, "y": 16, "z": 11, "id": "300", "connections": [0, 16, 11]}, {"x": 0, "y": 16, "z": 13, "id": "300", "connections": [0, 16, 13]}, {"x": 0, "y": 16, "z": 14, "id": "201", "connections": [0, 16, 14]}, {"x": 10, "y": 2, "z": 4, "id": "201", "connections": [10, 2, 4]}, {"x": 10, "y": 2, "z": 5, "id": "201", "connections": [10, 2, 5]}, {"x": 10, "y": 2, "z": 8, "id": "300", "connections": [10, 2, 8]}, {"x": 10, "y": 2, "z": 11, "id": "300", "connections": [10, 2, 11]}, {"x": 10, "y": 2, "z": 13, "id": "201", "connections": [10, 2, 13]}, {"x": 10, "y": 2, "z": 14, "id": "201", "connections": [10, 2, 14]}, {"x": 10, "y": 2, "z": 15, "id": "300", "connections": [10, 2, 15]}, {"x": 10, "y": 2, "z": 16, "id": "300", "connections": [10, 2, 16]}, {"x": 10, "y": 3, "z": 2, "id": "201", "connections": [10, 3, 2]}, {"x": 10, "y": 3, "z": 4, "id": "201", "connections": [10, 3, 4]}, {"x": 10, "y": 3, "z": 8, "id": "300", "connections": [10, 3, 8]}, {"x": 10, "y": 3, "z": 11, "id": "300", "connections": [10, 3, 11]}, {"x": 10, "y": 3, "z": 13, "id": "201", "connections": [10, 3, 13]}, {"x": 10, "y": 3, "z": 15, "id": "300", "connections": [10, 3, 15]}, {"x": 10, "y": 3, "z": 16, "id": "300", "connections": [10, 3, 16]}, {"x": 10, "y": 8, "z": 5, "id": "201", "connections": [10, 8, 5]}, {"x": 10, "y": 8, "z": 11, "id": "300", "connections": [10, 8, 11]}, {"x": 10, "y": 8, "z": 13, "id": "201", "connections": [10, 8, 13]}, {"x": 10, "y": 8, "z": 15, "id": "300", "connections": [10, 8, 15]}, {"x": 10, "y": 8, "z": 16, "id": "300", "connections": [10, 8, 16]}, {"x": 10, "y": 11, "z": 4, "id": "201", "connections": [10, 11, 4]}, {"x": 10, "y": 11, "z": 13, "id": "201", "connections": [10, 11, 13]}, {"x": 10, "y": 11, "z": 14, "id": "201", "connections": [10, 11, 14]}, {"x": 10, "y": 15, "z": 4, "id": "201", "connections": [10, 15, 4]}, {"x": 10, "y": 15, "z": 11, "id": "300", "connections": [10, 15, 11]}, {"x": 10, "y": 15, "z": 13, "id": "201", "connections": [10, 15, 13]}, {"x": 10, "y": 15, "z": 14, "id": "201", "connections": [10, 15, 14]}, {"x": 10, "y": 15, "z": 16, "id": "201", "connections": [10, 15, 16]}, {"x": 10, "y": 16, "z": 4, "id": "201", "connections": [10, 16, 4]}, {"x": 10, "y": 16, "z": 5, "id": "201", "connections": [10, 16, 5]}, {"x": 10, "y": 16, "z": 11, "id": "300", "connections": [10, 16, 11]}, {"x": 10, "y": 16, "z": 13, "id": "201", "connections": [10, 16, 13]}, {"x": 10, "y": 16, "z": 14, "id": "201", "connections": [10, 16, 14]}, {"x": 3, "y": 4, "z": 2, "id": "201", "connections": [3, 4, 2]}, {"x": 3, "y": 4, "z": 5, "id": "201", "connections": [3, 4, 5]}, {"x": 3, "y": 4, "z": 11, "id": "300", "connections": [3, 4, 11]}, {"x": 3, "y": 4, "z": 13, "id": "300", "connections": [3, 4, 13]}, {"x": 3, "y": 4, "z": 14, "id": "201", "connections": [3, 4, 14]}, {"x": 3, "y": 4, "z": 15, "id": "300", "connections": [3, 4, 15]}, {"x": 3, "y": 4, "z": 16, "id": "300", "connections": [3, 4, 16]}, {"x": 3, "y": 8, "z": 2, "id": "201", "connections": [3, 8, 2]}, {"x": 3, "y": 8, "z": 4, "id": "201", "connections": [3, 8, 4]}, {"x": 3, "y": 8, "z": 5, "id": "201", "connections": [3, 8, 5]}, {"x": 3, "y": 8, "z": 11, "id": "300", "connections": [3, 8, 11]}, {"x": 3, "y": 8, "z": 13, "id": "300", "connections": [3, 8, 13]}, {"x": 3, "y": 8, "z": 15, "id": "300", "connections": [3, 8, 15]}, {"x": 3, "y": 8, "z": 16, "id": "300", "connections": [3, 8, 16]}, {"x": 3, "y": 11, "z": 2, "id": "201", "connections": [3, 11, 2]}, {"x": 3, "y": 11, "z": 13, "id": "300", "connections": [3, 11, 13]}, {"x": 3, "y": 11, "z": 14, "id": "201", "connections": [3, 11, 14]}, {"x": 3, "y": 13, "z": 2, "id": "201", "connections": [3, 13, 2]}, {"x": 3, "y": 13, "z": 5, "id": "201", "connections": [3, 13, 5]}, {"x": 3, "y": 13, "z": 14, "id": "201", "connections": [3, 13, 14]}, {"x": 3, "y": 15, "z": 2, "id": "201", "connections": [3, 15, 2]}, {"x": 3, "y": 15, "z": 11, "id": "300", "connections": [3, 15, 11]}, {"x": 3, "y": 15, "z": 13, "id": "300", "connections": [3, 15, 13]}, {"x": 3, "y": 15, "z": 14, "id": "201", "connections": [3, 15, 14]}, {"x": 3, "y": 15, "z": 16, "id": "201", "connections": [3, 15, 16]}, {"x": 3, "y": 16, "z": 2, "id": "201", "connections": [3, 16, 2]}, {"x": 3, "y": 16, "z": 5, "id": "201", "connections": [3, 16, 5]}, {"x": 3, "y": 16, "z": 11, "id": "300", "connections": [3, 16, 11]}, {"x": 3, "y": 16, "z": 13, "id": "300", "connections": [3, 16, 13]}, {"x": 3, "y": 16, "z": 14, "id": "201", "connections": [3, 16, 14]}, {"x": 2, "y": 4, "z": 11, "id": "300", "connections": [2, 4, 11]}, {"x": 2, "y": 4, "z": 13, "id": "300", "connections": [2, 4, 13]}, {"x": 2, "y": 4, "z": 14, "id": "300", "connections": [2, 4, 14]}, {"x": 2, "y": 4, "z": 15, "id": "300", "connections": [2, 4, 15]}, {"x": 2, "y": 4, "z": 16, "id": "300", "connections": [2, 4, 16]}, {"x": 2, "y": 5, "z": 4, "id": "300", "connections": [2, 5, 4]}, {"x": 2, "y": 5, "z": 8, "id": "300", "connections": [2, 5, 8]}, {"x": 2, "y": 5, "z": 11, "id": "201", "connections": [2, 5, 11]}, {"x": 2, "y": 5, "z": 13, "id": "300", "connections": [2, 5, 13]}, {"x": 2, "y": 5, "z": 14, "id": "300", "connections": [2, 5, 14]}, {"x": 2, "y": 5, "z": 15, "id": "201", "connections": [2, 5, 15]}, {"x": 2, "y": 5, "z": 16, "id": "300", "connections": [2, 5, 16]}, {"x": 2, "y": 8, "z": 4, "id": "201", "connections": [2, 8, 4]}, {"x": 2, "y": 8, "z": 11, "id": "300", "connections": [2, 8, 11]}, {"x": 2, "y": 8, "z": 13, "id": "300", "connections": [2, 8, 13]}, {"x": 2, "y": 8, "z": 14, "id": "201", "connections": [2, 8, 14]}, {"x": 2, "y": 8, "z": 15, "id": "300", "connections": [2, 8, 15]}, {"x": 2, "y": 8, "z": 16, "id": "300", "connections": [2, 8, 16]}, {"x": 2, "y": 11, "z": 13, "id": "300", "connections": [2, 11, 13]}, {"x": 2, "y": 14, "z": 11, "id": "300", "connections": [2, 14, 11]}, {"x": 2, "y": 14, "z": 13, "id": "300", "connections": [2, 14, 13]}, {"x": 2, "y": 14, "z": 16, "id": "300", "connections": [2, 14, 16]}, {"x": 2, "y": 15, "z": 11, "id": "300", "connections": [2, 15, 11]}, {"x": 2, "y": 15, "z": 13, "id": "300", "connections": [2, 15, 13]}, {"x": 2, "y": 15, "z": 14, "id": "300", "connections": [2, 15, 14]}, {"x": 2, "y": 15, "z": 16, "id": "201", "connections": [2, 15, 16]}, {"x": 2, "y": 16, "z": 11, "id": "300", "connections": [2, 16, 11]}, {"x": 2, "y": 16, "z": 13, "id": "300", "connections": [2, 16, 13]}, {"x": 5, "y": 4, "z": 11, "id": "201", "connections": [5, 4, 11]}, {"x": 5, "y": 4, "z": 13, "id": "300", "connections": [5, 4, 13]}, {"x": 5, "y": 4, "z": 14, "id": "300", "connections": [5, 4, 14]}, {"x": 5, "y": 4, "z": 15, "id": "201", "connections": [5, 4, 15]}, {"x": 5, "y": 4, "z": 16, "id": "300", "connections": [5, 4, 16]}, {"x": 5, "y": 8, "z": 4, "id": "201", "connections": [5, 8, 4]}, {"x": 5, "y": 8, "z": 11, "id": "201", "connections": [5, 8, 11]}, {"x": 5, "y": 8, "z": 13, "id": "300", "connections": [5, 8, 13]}, {"x": 5, "y": 8, "z": 14, "id": "201", "connections": [5, 8, 14]}, {"x": 5, "y": 8, "z": 15, "id": "201", "connections": [5, 8, 15]}, {"x": 5, "y": 8, "z": 16, "id": "300", "connections": [5, 8, 16]}, {"x": 5, "y": 13, "z": 11, "id": "201", "connections": [5, 13, 11]}, {"x": 5, "y": 13, "z": 15, "id": "201", "connections": [5, 13, 15]}, {"x": 5, "y": 14, "z": 11, "id": "201", "connections": [5, 14, 11]}, {"x": 5, "y": 14, "z": 13, "id": "300", "connections": [5, 14, 13]}, {"x": 5, "y": 14, "z": 15, "id": "201", "connections": [5, 14, 15]}, {"x": 5, "y": 14, "z": 16, "id": "300", "connections": [5, 14, 16]}, {"x": 5, "y": 16, "z": 11, "id": "201", "connections": [5, 16, 11]}, {"x": 5, "y": 16, "z": 13, "id": "300", "connections": [5, 16, 13]}, {"x": 8, "y": 11, "z": 4, "id": "201", "connections": [8, 11, 4]}, {"x": 8, "y": 11, "z": 13, "id": "300", "connections": [8, 11, 13]}, {"x": 8, "y": 11, "z": 14, "id": "201", "connections": [8, 11, 14]}, {"x": 8, "y": 13, "z": 4, "id": "201", "connections": [8, 13, 4]}, {"x": 8, "y": 13, "z": 14, "id": "201", "connections": [8, 13, 14]}, {"x": 8, "y": 15, "z": 4, "id": "201", "connections": [8, 15, 4]}, {"x": 8, "y": 15, "z": 11, "id": "300", "connections": [8, 15, 11]}, {"x": 8, "y": 15, "z": 13, "id": "300", "connections": [8, 15, 13]}, {"x": 8, "y": 15, "z": 14, "id": "201", "connections": [8, 15, 14]}, {"x": 8, "y": 15, "z": 16, "id": "201", "connections": [8, 15, 16]}, {"x": 8, "y": 16, "z": 4, "id": "201", "connections": [8, 16, 4]}, {"x": 8, "y": 16, "z": 11, "id": "300", "connections": [8, 16, 11]}, {"x": 8, "y": 16, "z": 13, "id": "300", "connections": [8, 16, 13]}, {"x": 8, "y": 16, "z": 14, "id": "201", "connections": [8, 16, 14]}, {"x": 4, "y": 11, "z": 13, "id": "300", "connections": [4, 11, 13]}, {"x": 4, "y": 14, "z": 11, "id": "300", "connections": [4, 14, 11]}, {"x": 4, "y": 14, "z": 13, "id": "300", "connections": [4, 14, 13]}, {"x": 4, "y": 14, "z": 16, "id": "300", "connections": [4, 14, 16]}, {"x": 4, "y": 15, "z": 11, "id": "300", "connections": [4, 15, 11]}, {"x": 4, "y": 15, "z": 13, "id": "300", "connections": [4, 15, 13]}, {"x": 4, "y": 15, "z": 14, "id": "300", "connections": [4, 15, 14]}, {"x": 4, "y": 15, "z": 16, "id": "201", "connections": [4, 15, 16]}, {"x": 4, "y": 16, "z": 11, "id": "300", "connections": [4, 16, 11]}, {"x": 4, "y": 16, "z": 13, "id": "300", "connections": [4, 16, 13]}, {"x": 15, "y": 11, "z": 13, "id": "300", "connections": [15, 11, 13]}, {"x": 15, "y": 11, "z": 16, "id": "201", "connections": [15, 11, 16]}, {"x": 15, "y": 13, "z": 16, "id": "201", "connections": [15, 13, 16]}, {"x": 15, "y": 14, "z": 11, "id": "300", "connections": [15, 14, 11]}, {"x": 15, "y": 14, "z": 13, "id": "300", "connections": [15, 14, 13]}, {"x": 15, "y": 14, "z": 16, "id": "201", "connections": [15, 14, 16]}, {"x": 14, "y": 11, "z": 13, "id": "300", "connections": [14, 11, 13]}, {"x": 14, "y": 16, "z": 11, "id": "300", "connections": [14, 16, 11]}, {"x": 14, "y": 16, "z": 13, "id": "300", "connections": [14, 16, 13]}, {"x": 16, "y": 11, "z": 13, "id": "300", "connections": [16, 11, 13]}]